id,title,score,num_comments,author,created_utc,url,over_18,edited,spoiler,stickied
1j8sflb,BEWARE Redshift Serverless + Zero-ETL,133,53,kangaroogie,2025-03-11 14:46:08,https://www.reddit.com/r/dataengineering/comments/1j8sflb/beware_redshift_serverless_zeroetl/,False,False,False,False
1j8uwyp,"We mapped 144 articles across 100 sources to uncover U.S. Dependence on Chinese Critical Minerals, Key Reserves in Canada, Greenland & Ukraine, and Trump’s Foreign Policy. [OC]",72,11,boundless-discovery,2025-03-11 16:30:52,https://i.redd.it/5qcbc9ox73oe1.png,False,False,False,False
1j8r55t,Linting dbt metadata: dbt-score,37,5,Ok_Competition550,2025-03-11 13:47:29,https://www.reddit.com/r/dataengineering/comments/1j8r55t/linting_dbt_metadata_dbtscore/,False,False,False,False
1j8zahv,Are you using Apache iceberg?,37,14,exact-approximate,2025-03-11 19:29:19,https://www.reddit.com/r/dataengineering/comments/1j8zahv/are_you_using_apache_iceberg/,False,False,False,False
1j8znm9,Review my project,20,4,JrDowney9999,2025-03-11 19:44:08,https://www.reddit.com/r/dataengineering/comments/1j8znm9/review_my_project/,False,False,False,False
1j9hqfy,Optimizing PySpark Performance: Key Best Practices,27,1,Low-Gas-8126,2025-03-12 11:19:04,https://www.reddit.com/r/dataengineering/comments/1j9hqfy/optimizing_pyspark_performance_key_best_practices/,False,False,False,False
1j92x7u,Best Automated Approach for Pulling SharePoint Files into a Data Warehouse Like Snowflake?,14,23,analytical_dream,2025-03-11 21:59:37,https://www.reddit.com/r/dataengineering/comments/1j92x7u/best_automated_approach_for_pulling_sharepoint/,False,1741749227.0,False,False
1j8tykx,"My (end of) 2024 ""data"" and/or ""analyst"" job search results",14,8,jeff_kaiser,2025-03-11 15:51:24,https://imgur.com/a/olkhKik,False,False,False,False
1j8r9v7,Seeking Advice on Optimizing ETL Pipeline with SQLAlchemy,10,5,I_Bang_Toasters,2025-03-11 13:53:26,https://www.reddit.com/r/dataengineering/comments/1j8r9v7/seeking_advice_on_optimizing_etl_pipeline_with/,False,False,False,False
1j8qg8w,"Bufstream, Buf's Kafka replacement, passes multi-region 100GiB/300GiB read/write benchmark",9,0,jrinehart-buf,2025-03-11 13:14:26,https://www.reddit.com/r/dataengineering/comments/1j8qg8w/bufstream_bufs_kafka_replacement_passes/,False,False,False,False
1j9d6yk,"What have you used for tracking ""monthly"" usage data?",6,4,ThirDiamondEye,2025-03-12 06:19:23,https://www.reddit.com/r/dataengineering/comments/1j9d6yk/what_have_you_used_for_tracking_monthly_usage_data/,False,False,False,False
1j9ajew,production-grade RAG AI locally with rlama v0.1.26,5,1,DonTizi,2025-03-12 04:01:30,https://www.reddit.com/r/dataengineering/comments/1j9ajew/productiongrade_rag_ai_locally_with_rlama_v0126/,False,False,False,False
1j8u93o,"Do you have a dev, staging, prod MWAA environment? Or dev, staging, prod DAGs in one shared environment?",7,6,DuckDatum,2025-03-11 16:03:45,https://www.reddit.com/r/dataengineering/comments/1j8u93o/do_you_have_a_dev_staging_prod_mwaa_environment/,False,False,False,False
1j8s325,Scaling Beyond Postgres: How to Choose a Real-Time Analytical Database,6,0,sspaeti,2025-03-11 14:30:43,https://www.rilldata.com/blog/scaling-beyond-postgres-how-to-choose-a-real-time-analytical-database,False,False,False,False
1j9i68j,SQL Premier League : SQL Meets Sports,34,4,footballforus,2025-03-12 11:46:54,https://i.redd.it/3ghvwtl2y8oe1.png,False,False,False,False
1j9hauh,Should I move our data pipelines toward Cloud native(AWS) or keep it more under control?,5,5,Substantial_Lab_5160,2025-03-12 10:51:14,https://www.reddit.com/r/dataengineering/comments/1j9hauh/should_i_move_our_data_pipelines_toward_cloud/,False,1741780928.0,False,False
1j8y5d7,Any experience with AWS Sagemaker Lakehouse?,7,1,gman1023,2025-03-11 18:42:26,https://www.reddit.com/r/dataengineering/comments/1j8y5d7/any_experience_with_aws_sagemaker_lakehouse/,False,False,False,False
1j9af4c,De on an AI team,3,2,Yeat_enjoyer,2025-03-12 03:54:36,https://www.reddit.com/r/dataengineering/comments/1j9af4c/de_on_an_ai_team/,False,False,False,False
1j8z2m8,How do you store mocked data for testing?,3,5,justanator101,2025-03-11 19:20:25,https://www.reddit.com/r/dataengineering/comments/1j8z2m8/how_do_you_store_mocked_data_for_testing/,False,False,False,False
1j8yucw,Does Delta Table Z-Order and Optimise load all data or just the most recent based on insertionorder?,3,2,tecedu,2025-03-11 19:11:04,https://www.reddit.com/r/dataengineering/comments/1j8yucw/does_delta_table_zorder_and_optimise_load_all/,False,False,False,False
1j8to8h,Critique my data platform recommendation for analytics team,2,17,ask_can,2025-03-11 15:39:19,https://www.reddit.com/r/dataengineering/comments/1j8to8h/critique_my_data_platform_recommendation_for/,False,1741708563.0,False,False
1j9iabm,AWS Data Engineer trying to learn Azure,2,2,Salt_in_Stress,2025-03-12 11:53:52,https://www.reddit.com/r/dataengineering/comments/1j9iabm/aws_data_engineer_trying_to_learn_azure/,False,False,False,False
1j9cvtp,Looking for some certifications or training for Analytics,2,0,Chediras,2025-03-12 06:03:13,https://www.reddit.com/r/dataengineering/comments/1j9cvtp/looking_for_some_certifications_or_training_for/,False,False,False,False
1j8zo7x,Help needed for Machine Learning Dagster use-case,2,1,Quicksilver466,2025-03-11 19:44:50,https://www.reddit.com/r/dataengineering/comments/1j8zo7x/help_needed_for_machine_learning_dagster_usecase/,False,False,False,False
1j8wkzc,FREE O'REILLY ACCESS 30-day access,3,2,OpenWeb5282,2025-03-11 17:38:54,https://www.reddit.com/r/dataengineering/comments/1j8wkzc/free_oreilly_access_30day_access/,False,False,False,False
1j8uri7,Hydra: Serverless Real-time Analytics on Postgres,3,0,JHydras,2025-03-11 16:24:45,https://www.ycombinator.com/launches/N0V-hydra-serverless-realtime-analytics-on-postgres,False,False,False,False
1j9i5f7,KT,1,0,These-Bet-6238,2025-03-12 11:45:34,https://www.reddit.com/r/dataengineering/comments/1j9i5f7/kt/,False,1741780451.0,False,False
1j9hzht,ZipNN - Lossless compression for AI Models/ Embedings/ KV-cache,1,2,Candid_Raccoon2102,2025-03-12 11:35:11,https://www.reddit.com/r/dataengineering/comments/1j9hzht/zipnn_lossless_compression_for_ai_models/,False,False,False,False
1j8wlm4,Bus Matrix Documentation Tools,1,1,IndependentNet5042,2025-03-11 17:39:36,https://www.reddit.com/r/dataengineering/comments/1j8wlm4/bus_matrix_documentation_tools/,False,False,False,False
1j95x5z,¿Cómo elegir tu primera empresa siendo Ingeniero Junior?,0,1,Sayu273,2025-03-12 00:12:00,https://www.reddit.com/r/dataengineering/comments/1j95x5z/cómo_elegir_tu_primera_empresa_siendo_ingeniero/,False,False,False,False
1j8x1b7,Announcing Flink Forward Barcelona 2025!,0,1,wildbreaker,2025-03-11 17:57:18,https://www.reddit.com/r/dataengineering/comments/1j8x1b7/announcing_flink_forward_barcelona_2025/,False,False,False,False
1j9g312,People's place to start,0,1,Financial_Bedroom380,2025-03-12 09:24:59,https://www.reddit.com/r/dataengineering/comments/1j9g312/peoples_place_to_start/,False,False,False,False
1j8x1nf,Data Analyst wants to do more DB related work?,0,2,Oh_Another_Thing,2025-03-11 17:57:40,https://www.reddit.com/r/dataengineering/comments/1j8x1nf/data_analyst_wants_to_do_more_db_related_work/,False,False,False,False
1j93ygb,Microsoft Fabric??,0,0,Playful-Safety-7814,2025-03-11 22:44:49,https://www.reddit.com/r/dataengineering/comments/1j93ygb/microsoft_fabric/,False,False,False,False
1j96dio,New to Azure - Not sure what do I do?,0,1,Ok-Bumblebee-8256,2025-03-12 00:33:10,https://www.reddit.com/gallery/1j96dio,False,False,False,False
1j8vtwx,Stuck in TCS for ninja profile,0,4,Training_Refuse7745,2025-03-11 17:08:09,https://www.reddit.com/r/dataengineering/comments/1j8vtwx/stuck_in_tcs_for_ninja_profile/,False,False,False,False
